mean_fit_time,std_fit_time,mean_score_time,std_score_time,param_learning_rate,param_max_depth,param_n_estimators,params,split0_test_score,split1_test_score,split2_test_score,mean_test_score,std_test_score,rank_test_score
1.7973217964172363,0.004585690681675562,0.24347750345865884,0.00805172904788101,0.01,3,100,"{'learning_rate': 0.01, 'max_depth': 3, 'n_estimators': 100}",0.296132641478839,0.3030646992054484,0.29693137135676356,0.29870957068035037,0.0030967564436642915,27
4.70972204208374,0.6055469358326075,0.48965056737263996,0.02153871476076063,0.01,3,200,"{'learning_rate': 0.01, 'max_depth': 3, 'n_estimators': 200}",0.29629479487595267,0.30322685260256205,0.29693137135676356,0.2988176729450928,0.003128573300282535,26
10.499307552973429,0.3886490722626861,1.1466673215230305,0.056735619561187035,0.01,3,500,"{'learning_rate': 0.01, 'max_depth': 3, 'n_estimators': 500}",0.3282390141073456,0.33411707475271607,0.32871214885078437,0.3303560792369487,0.002666430769596827,22
3.7253171602884927,0.4649756791643173,0.3600629170735677,0.004450546962372668,0.01,5,100,"{'learning_rate': 0.01, 'max_depth': 5, 'n_estimators': 100}",0.2969434084644073,0.30379438949245985,0.29745834853459807,0.2993987154971551,0.003115311993334534,25
5.620750427246094,0.2151779637771318,0.7636500199635824,0.1090386017508532,0.01,5,200,"{'learning_rate': 0.01, 'max_depth': 5, 'n_estimators': 200}",0.3246716393708448,0.33387384465704556,0.33150918156390613,0.3300182218639322,0.003901911168692857,23
14.3660728931427,0.8569968836026255,2.1497675577799478,0.41493285126056045,0.01,5,500,"{'learning_rate': 0.01, 'max_depth': 5, 'n_estimators': 500}",0.35223771688016864,0.3642370682665802,0.36300620211601603,0.359826995754255,0.0053899055799794746,17
5.449471791585286,0.4456916152967995,1.321969747543335,0.12044916202927577,0.01,9,100,"{'learning_rate': 0.01, 'max_depth': 9, 'n_estimators': 100}",0.31441543700340524,0.32771201556672613,0.31930763306173743,0.32047836187728956,0.0054910657643311425,24
10.809870958328247,1.3343295501144068,2.326169808705648,0.2526557427657044,0.01,9,200,"{'learning_rate': 0.01, 'max_depth': 9, 'n_estimators': 200}",0.3470082698232528,0.34927841738284415,0.35206129149945276,0.3494493262351832,0.002066424350077947,20
22.209646383921307,0.8903442588661745,4.65676744778951,0.46024946277019557,0.01,9,500,"{'learning_rate': 0.01, 'max_depth': 9, 'n_estimators': 500}",0.3600616182909032,0.37700664828928165,0.36653289553690865,0.3678670540390312,0.006981809440399417,12
3.4776664574941,0.6325803752427652,0.28900941212972003,0.0400042472378046,0.1,3,100,"{'learning_rate': 0.1, 'max_depth': 3, 'n_estimators': 100}",0.34360304848386575,0.35183233338738445,0.3408731606469658,0.34543618083940536,0.0046580501974737825,21
4.708502848943074,0.23801192049378905,0.5026841958363851,0.051534366623613236,0.1,3,200,"{'learning_rate': 0.1, 'max_depth': 3, 'n_estimators': 200}",0.35199448678449813,0.35410248094697583,0.35704730633588716,0.3543814246891204,0.0020722135609352647,18
10.03133225440979,0.32680482020500884,1.1609775225321453,0.13046175021571255,0.1,3,500,"{'learning_rate': 0.1, 'max_depth': 3, 'n_estimators': 500}",0.36026431003729525,0.36460191341008596,0.36373586282378695,0.36286736209038944,0.0018742858013734921,15
3.569838762283325,0.3847344763772154,0.48154036204020184,0.06619590888867939,0.1,5,100,"{'learning_rate': 0.1, 'max_depth': 5, 'n_estimators': 100}",0.36366953137668234,0.3682503648451435,0.36726255624467957,0.3663941508221685,0.00196835037528527,14
5.053456624348958,0.24654723594098008,0.8050181865692139,0.07098663065940124,0.1,5,200,"{'learning_rate': 0.1, 'max_depth': 5, 'n_estimators': 200}",0.36748013620885356,0.37112858764391116,0.36839758401232314,0.3690021026216959,0.0015495981264620382,11
11.771071195602417,0.642231621915273,1.7184352080027263,0.027685885048489692,0.1,5,500,"{'learning_rate': 0.1, 'max_depth': 5, 'n_estimators': 500}",0.36727744446246147,0.37534457596886656,0.3693299282500304,0.37065064956045285,0.0034232422516537646,9
4.789648612340291,0.46864653519582383,0.8928516705830892,0.035107522810324705,0.1,9,100,"{'learning_rate': 0.1, 'max_depth': 9, 'n_estimators': 100}",0.36492622020431326,0.37765526187773635,0.3699785155458267,0.3708533325426255,0.005233297498668271,6
7.638984680175781,0.4358955896796843,1.649335463841756,0.4204339149361172,0.1,9,200,"{'learning_rate': 0.1, 'max_depth': 9, 'n_estimators': 200}",0.3647235284579212,0.37781741527485,0.36953261177996677,0.3706911851709127,0.005407968640213031,7
15.192166248957315,0.6404791215241289,3.1815034548441568,0.09928814035932111,0.1,9,500,"{'learning_rate': 0.1, 'max_depth': 9, 'n_estimators': 500}",0.3656559104913248,0.37789849197340686,0.3702217357817504,0.3712587127488273,0.005051514047559788,2
2.3472847143809,0.4225157725438111,0.3173368771870931,0.08785343271109197,0.2,3,100,"{'learning_rate': 0.2, 'max_depth': 3, 'n_estimators': 100}",0.35389978920058374,0.35268363872223124,0.35607442539219264,0.35421928443833584,0.0014025967501998327,19
4.655888716379802,0.22487343182455038,0.6424949963887533,0.11331303042214755,0.2,3,200,"{'learning_rate': 0.2, 'max_depth': 3, 'n_estimators': 200}",0.3596156964488406,0.3650072969028701,0.36292512870404153,0.3625160406852508,0.002220038080651072,16
8.822948217391968,0.27202991779828917,1.0843673547108967,0.019344947192703,0.2,3,500,"{'learning_rate': 0.2, 'max_depth': 3, 'n_estimators': 500}",0.36452083671152913,0.368493594940814,0.3684786574242977,0.36716436302554695,0.0018692653301994335,13
2.9339662392934165,0.24110060810514106,0.4125975767771403,0.08568915004477892,0.2,5,100,"{'learning_rate': 0.2, 'max_depth': 5, 'n_estimators': 100}",0.3675612129074104,0.37396627209340033,0.36949207507397946,0.37033985335826336,0.002682690416787604,10
4.203127145767212,0.24271491994420508,0.79429825146993,0.11851203042076924,0.2,5,200,"{'learning_rate': 0.2, 'max_depth': 5, 'n_estimators': 200}",0.3659396789362737,0.37785795362412844,0.36815436377639954,0.37065066544560055,0.005175903103261724,8
10.869014104207357,0.7214943103006876,2.0500301520029702,0.21550546048482955,0.2,5,500,"{'learning_rate': 0.2, 'max_depth': 5, 'n_estimators': 500}",0.3671152910653478,0.37741203178206584,0.36827597389436134,0.3709344322472583,0.004604799522049113,4
3.778996388117472,0.2328502285528973,0.8008879025777181,0.04776491455880987,0.2,9,100,"{'learning_rate': 0.2, 'max_depth': 9, 'n_estimators': 100}",0.364804605156478,0.3785876439111399,0.3691677814260813,0.3708533434978998,0.005751746340697621,5
7.428476730982463,0.36176145815904664,1.363066037495931,0.3940845124410894,0.2,9,200,"{'learning_rate': 0.2, 'max_depth': 9, 'n_estimators': 200}",0.3675612129074104,0.37830387546619104,0.3703433458997122,0.3720694780911045,0.0045523509654959325,1
11.310666481653849,1.1501128536163527,1.5564993222554524,0.3545092634932059,0.2,9,500,"{'learning_rate': 0.2, 'max_depth': 9, 'n_estimators': 500}",0.36626398573050106,0.3789524890546457,0.36843812071831045,0.3712181985011524,0.005540526660327266,3
